<?xml-stylesheet href="/rss.xsl" type="text/xsl"?>
<rss version="2.0" xmlns:atom="http://www.w3.org/2005/Atom">
  <channel>
    <title>Eki&#39;s Home</title>
    <link>https://eki.moe/</link>
    <description>Recent content on Eki&#39;s Home</description>
    <generator>Hugo -- gohugo.io</generator>
    <language>zh-cn</language>
    <copyright>2023 Eki</copyright>
    <lastBuildDate>Mon, 13 Feb 2023 17:05:14 +0800</lastBuildDate>
    
        <atom:link href="https://eki.moe/index.xml" rel="self" type="application/rss+xml" />
    
    
    
        <item>
        <title>在 internet.nl 上拿到满分</title>
        <link>https://eki.moe/posts/full-score-on-internet-nl/</link>
        <pubDate>Mon, 13 Feb 2023 17:05:14 +0800</pubDate>
        
        <guid>https://eki.moe/posts/full-score-on-internet-nl/</guid>
        <description>Eki&#39;s Home https://eki.moe/posts/full-score-on-internet-nl/ -&lt;p&gt;&lt;a href=&#34;https://internet.nl&#34;&gt;Internet.nl&lt;/a&gt; 是一个由网络社区和荷兰政府共同创立的项目。这个项目提供对网站，电子邮件和网络连接的测试，以便查看他们是否遵循了现代而可靠的技术/协议。 &lt;a href=&#34;https://internet.nl/about/&#34;&gt;Source&lt;/a&gt;&lt;/p&gt;
&lt;p&gt;测试分为三个部分：网站，邮件和网络连接。网站，邮局测试中达到满分的域名会被加入他们的“名人堂”列表，双满分则更为稀少。网络连接测试不会进行研究，原因会在后文解释。&lt;/p&gt;
&lt;h1 id=&#34;网站测试&#34;&gt;网站测试&lt;/h1&gt;
&lt;p&gt;此部分使用 nginx 为例，版本号 1.22.1。&lt;/p&gt;
&lt;p&gt;对于一些项目，可能需要更改的配置文件有&lt;/p&gt;
&lt;ul&gt;
&lt;li&gt;/etc/nginx/nginx.conf&lt;/li&gt;
&lt;li&gt;/etc/nginx/sites-available/example.com (or /default)&lt;/li&gt;
&lt;/ul&gt;
&lt;p&gt;如果你在使用 Certbot，则还可能需要更改&lt;/p&gt;
&lt;ul&gt;
&lt;li&gt;/etc/letsencrypt/options-ssl-nginx.conf&lt;/li&gt;
&lt;/ul&gt;
&lt;h2 id=&#34;modern-address-ipv6&#34;&gt;Modern address (IPv6)&lt;/h2&gt;
&lt;p&gt;分为三部分：&lt;/p&gt;
&lt;ul&gt;
&lt;li&gt;Nameserver 是否有 IPv6 地址，且是否可达（正确）。&lt;/li&gt;
&lt;li&gt;网站是否有 IPv6 地址，且是否可达（正确）。&lt;/li&gt;
&lt;li&gt;IPv6 连接下的网站是否和 IPv4 连接下的网站相同。&lt;/li&gt;
&lt;/ul&gt;
&lt;p&gt;一般来说是能很容易满足的条件。&lt;/p&gt;
&lt;h2 id=&#34;signed-domain-name-dnssec&#34;&gt;Signed domain name (DNSSEC)&lt;/h2&gt;
&lt;p&gt;&lt;a href=&#34;https://zh.wikipedia.org/zh-cn/%E5%9F%9F%E5%90%8D%E7%B3%BB%E7%BB%9F%E5%AE%89%E5%85%A8%E6%89%A9%E5%B1%95&#34;&gt;DNSSEC&lt;/a&gt; 提供了对 DNS 数据来源的验证，在自己的域名注册商处设置即可。&lt;/p&gt;
&lt;h2 id=&#34;secure-connection-https&#34;&gt;Secure connection (HTTPS)&lt;/h2&gt;
&lt;p&gt;简单设置了 HTTPS 并不能在这里得到满分。&lt;/p&gt;
&lt;p&gt;一个很有用的网站，由 mozilla 提供，可生成众多配置文件：&lt;a href=&#34;https://ssl-config.mozilla.org&#34;&gt;ssl-config.mozilla.org&lt;/a&gt;&lt;/p&gt;
&lt;h3 id=&#34;https-available--https-redirect&#34;&gt;HTTPS available &amp;amp; HTTPS redirect&lt;/h3&gt;
&lt;p&gt;网站启用 HTTPS 连接与 HTTP 重定向即可。Nginx 模板如下&lt;/p&gt;
&lt;pre&gt;&lt;code&gt;server {
    listen 80;
    listen [::]:80;
    server_name example.com www.example.com;
    return 301 https://$server_name$request_uri;
}

server {
    listen 443 ssl http2; 
    listen [::]:443 ssl http2;
    server_name example.com www.example.com

    ssl_certificate /etc/ssl/certs/example.com/fullchain.pem;
    ssl_certificate_key /etc/ssl/certs/example.com/privkey.pem;
}
&lt;/code&gt;&lt;/pre&gt;
&lt;h3 id=&#34;http-compression&#34;&gt;HTTP compression&lt;/h3&gt;
&lt;p&gt;HTTP 压缩可能使服务器遭受 BREACH 攻击，启用与否是对流量/带宽和安全性的取舍。&lt;/p&gt;
&lt;pre&gt;&lt;code&gt;gzip off;
&lt;/code&gt;&lt;/pre&gt;
&lt;h3 id=&#34;hsts&#34;&gt;HSTS&lt;/h3&gt;
&lt;p&gt;HSTS 将在浏览器再次访问网站时强制使用 HTTPS 连接，这有助于预防中间人攻击。Internel.nl 认为 HSTS 策略缓存时间为&lt;em&gt;&lt;strong&gt;至少&lt;/strong&gt;&lt;/em&gt;一年时，策略足够安全。&lt;/p&gt;
&lt;p&gt;在 nginx 配置中添加以下语句&lt;/p&gt;
&lt;pre&gt;&lt;code&gt;add_header Strict-Transport-Security &amp;quot;max-age=31536000&amp;quot; always;
&lt;/code&gt;&lt;/pre&gt;
&lt;p&gt;参照 internet.nl 的提示，只有当确认&lt;strong&gt;全部&lt;/strong&gt;子域名都被 HTTPS 覆盖到时，才应该添加 &lt;code&gt;includeSubDomains&lt;/code&gt; 语句，即&lt;/p&gt;
&lt;pre&gt;&lt;code&gt;add_header Strict-Transport-Security &amp;quot;max-age=31536000; includeSubDomains&amp;quot; always;
&lt;/code&gt;&lt;/pre&gt;
&lt;h3 id=&#34;tls-version&#34;&gt;TLS version&lt;/h3&gt;
&lt;p&gt;TLS 版本安全性表格：&lt;/p&gt;
&lt;ul&gt;
&lt;li&gt;优秀：TLS 1.3&lt;/li&gt;
&lt;li&gt;足够：TLS 1.2&lt;/li&gt;
&lt;li&gt;换代：TLS 1.1,1.0&lt;/li&gt;
&lt;li&gt;不足：SSL 3.0,2.0,1.0&lt;/li&gt;
&lt;/ul&gt;
&lt;p&gt;在 server 块中加入以下内容：&lt;/p&gt;
&lt;pre&gt;&lt;code&gt;ssl_protocols TLSv1.2 TLSv1.3;
&lt;/code&gt;&lt;/pre&gt;
&lt;p&gt;同时，如果使用了 Cloudflare CDN，我还需要在 Cloudflare 的面板中调整以下设置&lt;/p&gt;
&lt;p&gt;&lt;img src=&#34;https://eki.moe/images/posts/full-score-on-internet-nl/cloudflare_tls_version.png&#34; alt=&#34;&#34;&gt;&lt;/p&gt;
&lt;h3 id=&#34;ciphers-algorithm-selections&#34;&gt;Ciphers (Algorithm selections)&lt;/h3&gt;
&lt;p&gt;很多算法已经到了 phase-out 阶段，可以在 nginx 配置文件中禁用。&lt;/p&gt;
&lt;pre&gt;&lt;code&gt;ssl_ciphers ECDHE-ECDSA-AES128-GCM-SHA256:ECDHE-RSA-AES128-GCM-SHA256:ECDHE-ECDSA-AES256-GCM-SHA384:ECDHE-RSA-AES256-GCM-SHA384:ECDHE-ECDSA-CHACHA20-POLY1305:ECDHE-RSA-CHACHA20-POLY1305;
&lt;/code&gt;&lt;/pre&gt;
&lt;h3 id=&#34;cipher-order&#34;&gt;Cipher order&lt;/h3&gt;
&lt;p&gt;在 internet.nl 的列表中列出了 good, sufficient 和 phase out 列表。服务器应该：&lt;/p&gt;
&lt;ul&gt;
&lt;li&gt;若只支持 good 列表中的内容，则不参加此测试&lt;/li&gt;
&lt;li&gt;若同时支持 good 列表外的内容，应优先使用 good cipher&lt;/li&gt;
&lt;/ul&gt;
&lt;h4 id=&#34;ssl_prefer_server_ciphers&#34;&gt;ssl_prefer_server_ciphers&lt;/h4&gt;
&lt;p&gt;Nginx 推荐此项设置为 on，而 mozilla 推荐设置为 off。&lt;/p&gt;
&lt;p&gt;相关讨论可参考此处：&lt;a href=&#34;https://serverfault.com/questions/997614/setting-ssl-prefer-server-ciphers-directive-in-nginx-config&#34;&gt;https://serverfault.com/questions/997614/setting-ssl-prefer-server-ciphers-directive-in-nginx-config&lt;/a&gt;&lt;/p&gt;
&lt;p&gt;我将其设置为了 off。&lt;/p&gt;
&lt;h3 id=&#34;key-exchange-parameters&#34;&gt;Key exchange parameters&lt;/h3&gt;
&lt;p&gt;&lt;a href=&#34;https://en.wikipedia.org/wiki/Diffie%E2%80%93Hellman_key_exchange&#34;&gt;Diffie-Hellman key exchange&lt;/a&gt; 是一种安全协议。服务端应支持足够安全的交换参数。&lt;/p&gt;
&lt;p&gt;Github 上的 &lt;a href=&#34;https://github.com/internetstandards/dhe_groups&#34;&gt;internetstandards/dhe_roups&lt;/a&gt; 仓库给出了足够安全的 ffdhe4096 参数。下载后在 nginx 中指定：
ssl_dhparam /etc/nginx/ffdhe4096.pem;&lt;/p&gt;
&lt;h3 id=&#34;ocsp-stapling&#34;&gt;OCSP stapling&lt;/h3&gt;
&lt;p&gt;OCSP stapling 将本应客户端发起的 OCSP 请求交给服务端发起，服务端将 OCSP 结果随证书一同发送给客户端，跳过了客户自己请求 OCSP 的过程，提高了效率。&lt;/p&gt;
&lt;pre&gt;&lt;code&gt;ssl_stapling on;
ssl_stapling_verify on;
ssl_trusted_certificate /path/to/fullchain;
&lt;/code&gt;&lt;/pre&gt;
&lt;h3 id=&#34;certificate-相关&#34;&gt;Certificate 相关&lt;/h3&gt;
&lt;p&gt;证书相关，请求了证书并启用即可。&lt;/p&gt;
&lt;h3 id=&#34;dane&#34;&gt;DANE&lt;/h3&gt;
&lt;p&gt;此处不强求，故不启用。若有兴趣，方法于邮件处的 DANE 设置相同。&lt;/p&gt;
&lt;h2 id=&#34;security-options&#34;&gt;Security options&lt;/h2&gt;
&lt;h3 id=&#34;x-frame-options&#34;&gt;X-Frame-Options&lt;/h3&gt;
&lt;p&gt;X-Frame-Options 用于避免 &lt;a href=&#34;https://owasp.org/www-community/attacks/Clickjacking&#34;&gt;clickjacking 攻击&lt;/a&gt;。&lt;/p&gt;
&lt;p&gt;相关选项语法为：&lt;/p&gt;
&lt;pre&gt;&lt;code&gt;add_header X-Frame-Options &amp;quot;OPTION&amp;quot;;
&lt;/code&gt;&lt;/pre&gt;
&lt;p&gt;其中 OPTION 可选择 SAMEORIGIN, DENY 和 ALLOW-FROM URI。前两项被认为足够安全。&lt;br&gt;
此处设置为&lt;/p&gt;
&lt;pre&gt;&lt;code&gt;add_header X-Frame-Options &amp;quot;SAMEORIGIN&amp;quot;
&lt;/code&gt;&lt;/pre&gt;
&lt;h3 id=&#34;x-content-type-options&#34;&gt;X-Content-Type-Options&lt;/h3&gt;
&lt;p&gt;X-Content-Type-Options 用于指明 MIME 类型，同时避免 &lt;a href=&#34;https://developer.mozilla.org/en-US/docs/Web/HTTP/Basics_of_HTTP/MIME_types#mime_sniffing&#34;&gt;MIME 类型嗅探&lt;/a&gt;。&lt;/p&gt;
&lt;pre&gt;&lt;code&gt;add_header X-Content-Type-Options nosniff;
&lt;/code&gt;&lt;/pre&gt;
&lt;h3 id=&#34;content-security-policy&#34;&gt;Content-Security-Policy&lt;/h3&gt;
&lt;p&gt;按照 internet.nl 推荐，应至少有以下内容：&lt;/p&gt;
&lt;ul&gt;
&lt;li&gt;default-src: none/self/https:(不推荐)&lt;/li&gt;
&lt;li&gt;frame-src: none/self/url&lt;/li&gt;
&lt;li&gt;frame-ancestors: hone/self/url&lt;/li&gt;
&lt;/ul&gt;
&lt;p&gt;其他项目可在 internet.nl 的测试项中查看细节，或在 &lt;a href=&#34;https://content-security-policy.com&#34;&gt;content-security-policy.com&lt;/a&gt; 查看规范。&lt;/p&gt;
&lt;pre&gt;&lt;code&gt;add_header Content-Security-Policy &amp;quot;default-src &#39;self&#39;;frame-src &#39;self&#39;;frame-ancestors &#39;self&#39;;&amp;quot; always;
&lt;/code&gt;&lt;/pre&gt;
&lt;h3 id=&#34;referrer-policy-existence&#34;&gt;Referrer-Policy existence&lt;/h3&gt;
&lt;pre&gt;&lt;code&gt;add_header Referrer-Policy &#39;strict-origin-when-cross-origin&#39;;
&lt;/code&gt;&lt;/pre&gt;
&lt;p&gt;推荐值：&lt;/p&gt;
&lt;ul&gt;
&lt;li&gt;no-referrer/same-origin 如果不发送敏感信息到第三方。&lt;/li&gt;
&lt;li&gt;strict-origin/strict-origin-when-cross-origin 如果只通过 HTTPS 发送敏感信息到第三方。&lt;/li&gt;
&lt;/ul&gt;
&lt;h3 id=&#34;securitytxt&#34;&gt;Security.txt&lt;/h3&gt;
&lt;p&gt;可以通过 &lt;a href=&#34;https://securitytxt.org/&#34;&gt;securitytxt.org&lt;/a&gt; 生成 security.txt，并放置在 domain.com/security.txt 和/或 domain.com/.well-known/security.txt&lt;/p&gt;
&lt;h2 id=&#34;route-authorisation-rpki&#34;&gt;Route authorisation (RPKI)&lt;/h2&gt;
&lt;p&gt;BGP 相关。&lt;/p&gt;
&lt;h2 id=&#34;nginx配置总和&#34;&gt;Nginx配置总和&lt;/h2&gt;
&lt;p&gt;不推荐直接抄，放这里只是为了方便我自己看。&lt;/p&gt;
&lt;pre&gt;&lt;code&gt;server {
    listen 80;
    listen [::]:80;
    server_name example.com;
    return 301 https://$server_name$request_uri;
}

server {
    listen 443 ssl http2; 
    listen [::]:443 ssl http2;
    server_name example.com;
    root /var/www/example.com;

    ssl_certificate /etc/ssl/certs/example.com/fullchain.pem;
    ssl_certificate_key /etc/ssl/certs/example.com/privkey.pem;
    ssl_protocols TLSv1.2 TLSv1.3;
    ssl_ciphers ECDHE-ECDSA-AES128-GCM-SHA256:ECDHE-RSA-AES128-GCM-SHA256:ECDHE-ECDSA-AES256-GCM-SHA384:ECDHE-RSA-AES256-GCM-SHA384:ECDHE-ECDSA-CHACHA20-POLY1305:ECDHE-RSA-CHACHA20-POLY1305;
    ssl_prefer_server_ciphers off;
    ssl_stapling on;
    ssl_stapling_verify on;
    ssl_trusted_certificate /etc/ssl/certs/example.com/fullchain.pem;
    ssl_dhparam /etc/nginx/ffdhe4096.pem;
    add_header Strict-Transport-Security &amp;quot;max-age=31536000&amp;quot; always;
    add_header X-Frame-Options &amp;quot;SAMEORIGIN&amp;quot;;
    add_header X-Content-Type-Options nosniff;
    add_header Referrer-Policy &#39;strict-origin-when-cross-origin&#39;;

    index index.html index.xml;

    location / {
            index index.html;
    }
}
&lt;/code&gt;&lt;/pre&gt;
&lt;h1 id=&#34;邮局测试&#34;&gt;邮局测试&lt;/h1&gt;
&lt;p&gt;此处使用 &lt;a href=&#34;https://mailcow.email&#34;&gt;mailcow&lt;/a&gt; 为基础进行设置。&lt;/p&gt;
&lt;h2 id=&#34;modern-address-ipv6--signed-domain-names-dnssec&#34;&gt;Modern address (IPv6) &amp;amp; Signed domain names (DNSSEC)&lt;/h2&gt;
&lt;p&gt;与上文相同。&lt;/p&gt;
&lt;h2 id=&#34;authenticity-marks-against-phishing-dmarc-dkim-and-spf&#34;&gt;Authenticity marks against phishing (DMARC, DKIM and SPF)&lt;/h2&gt;
&lt;h3 id=&#34;dmarc&#34;&gt;DMARC&lt;/h3&gt;
&lt;p&gt;DMARC 策略用于指明当一封邮件不能被 DKIM 和 SPF 认证时的处理方式。&lt;/p&gt;
&lt;p&gt;参考： &lt;a href=&#34;https://dmarc.org/&#34;&gt;dmarc.org&lt;/a&gt;。&lt;/p&gt;
&lt;h3 id=&#34;dkim&#34;&gt;DKIM&lt;/h3&gt;
&lt;p&gt;不同平台配置方法不同，得到数据后添加至 DNS 记录即可。&lt;/p&gt;
&lt;h3 id=&#34;spf&#34;&gt;SPF&lt;/h3&gt;
&lt;p&gt;SPF 用于验证邮件发送人的真实性。参考 Cloudflare 就此的文章：&lt;a href=&#34;https://www.cloudflare.com/zh-cn/learning/dns/dns-records/dns-spf-record/&#34;&gt;什么是 DNS SPF 记录？&lt;/a&gt;。&lt;/p&gt;
&lt;h2 id=&#34;secure-mail-server-connection-starttls-and-dane&#34;&gt;Secure mail server connection (STARTTLS and DANE)&lt;/h2&gt;
&lt;h3 id=&#34;tls&#34;&gt;TLS&lt;/h3&gt;
&lt;p&gt;简而言之就是对 postfix 进行的设置。&lt;code&gt;/opt/mailcow-dockerized/data/conf/postfix/extra.cf&lt;/code&gt; 内容如下&lt;/p&gt;
&lt;pre&gt;&lt;code&gt;tls_ssl_options = NO_COMPRESSION, 0x40000000
tls_preempt_cipherlist = yes
smtpd_tls_protocols = !SSLv2, !SSLv3, !TLSv1, !TLSv1.1
smtpd_tls_mandatory_protocols = !SSLv2, !SSLv3, !TLSv1, !TLSv1.1
smtpd_tls_ciphers = high
smtpd_tls_mandatory_ciphers = high
smtpd_tls_exclude_ciphers = EXP, LOW, MEDIUM, aNULL, eNULL, SRP, PSK, kDH, DH, kRSA, DHE, DSS, RC4, DES, IDEA, SEED, ARIA, CAMELLIA, AESCCM8, 3DES, ECDHE-ECDSA-AES256-SHA&amp;gt;
smtpd_tls_eecdh_grade = ultra
smtpd_tls_dh1024_param_file = /opt/mailcow-dockerized/data/assets/ssl/ffdhe4096.pem
smtp_host_lookup = dns
smtp_tls_note_starttls_offer = yes
smtp_tls_protocols = !SSLv2, !SSLv3, !TLSv1, !TLSv1.1
smtp_tls_mandatory_protocols = !SSLv2, !SSLv3, !TLSv1, !TLSv1.1
smtp_tls_ciphers = high
smtp_tls_mandatory_ciphers = high
smtp_tls_exclude_ciphers = EXP, LOW, MEDIUM, aNULL, eNULL, SRP, PSK, kDH, DH, kRSA, DHE, DSS, RC4, DES, IDEA, SEED, ARIA, CAMELLIA, AESCCM8, 3DES, ECDHE-ECDSA-AES256-SHA3&amp;gt;
lmtp_tls_note_starttls_offer = yes
lmtp_tls_protocols = !SSLv2, !SSLv3, !TLSv1, !TLSv1.1
lmtp_tls_mandatory_protocols = !SSLv2, !SSLv3, !TLSv1, !TLSv1.1
lmtp_tls_ciphers = high
lmtp_tls_mandatory_ciphers = high
lmtp_tls_exclude_ciphers = EXP, LOW, MEDIUM, aNULL, eNULL, SRP, PSK, kDH, DH, kRSA, DHE, DSS, RC4, DES, IDEA, SEED, ARIA, CAMELLIA, AESCCM8, 3DES, ECDHE-ECDSA-AES256-SHA3&amp;gt;
lmtp_tls_loglevel = 1
lmtp_tls_session_cache_database = btree:/var/lib/postfix/lmtp_tls_session_cache
&lt;/code&gt;&lt;/pre&gt;
&lt;p&gt;对每一项具体内容感兴趣可自行研究。&lt;/p&gt;
&lt;h3 id=&#34;certificate&#34;&gt;Certificate&lt;/h3&gt;
&lt;p&gt;证书相关，mailcow 帮我生成了自签名证书，此处自动解决。&lt;/p&gt;
&lt;h3 id=&#34;dane-1&#34;&gt;DANE&lt;/h3&gt;
&lt;p&gt;提示：DNSSEC 为 DANE 设置的前提。&lt;/p&gt;
&lt;p&gt;DANE 用于尽可能减少邮件传输时可能的内容窥探。可参考 &lt;a href=&#34;https://www.sidn.nl/en/news-and-blogs/hands-on-implementing-dane-in-postfix&#34;&gt;Hands-on: implementing DANE in Postfix&lt;/a&gt;。&lt;/p&gt;
&lt;p&gt;启用过程请参考 &lt;a href=&#34;https://github.com/internetstandards/toolbox-wiki/blob/main/DANE-for-SMTP-how-to.md&#34;&gt;DANE for SMTP how-to&lt;/a&gt;。&lt;/p&gt;
&lt;p&gt;懒人版：&lt;/p&gt;
&lt;p&gt;需两个数值，自签证书的 DANE SHA-256 hash，和 root certificate 的 DANE SHA-256 hash。&lt;/p&gt;
&lt;p&gt;对于 mailcow，自签证书位于 &lt;code&gt;/mailcow-folder/data/assets/ssl/cert.pem&lt;/code&gt;；&lt;br&gt;
根因使用 Let&amp;rsquo;s Encrypt，根证书为 ISRG Root X1，位于 &lt;code&gt;/etc/ssl/certs/ISRG_Root_X1.pem&lt;/code&gt;&lt;/p&gt;
&lt;pre&gt;&lt;code&gt;# openssl x509 -in /opt/mailcow-dockerized/data/assets/ssl/cert.pem -noout -pubkey | openssl pkey -pubin -outform DER | openssl sha256
(stdin)= example_output_1
# openssl x509 -in /etc/ssl/certs/ISRG_Root_X1.pem -noout -pubkey | openssl pkey -pubin -outform DER | openssl sha256
(stdin)= example_output_2
&lt;/code&gt;&lt;/pre&gt;
&lt;p&gt;随后需要在 DNS 中声明这两项结果&lt;/p&gt;
&lt;pre&gt;&lt;code&gt;_25._tcp.mail.example.com. IN TLSA 3 1 1 example_output_1
_25._tcp.mail.example.com. IN TLSA 2 1 1 example_output_2
&lt;/code&gt;&lt;/pre&gt;
&lt;p&gt;数值的具体意义可查看上述参考内容。&lt;/p&gt;
&lt;h2 id=&#34;route-authorisation-rpki-1&#34;&gt;Route authorisation (RPKI)&lt;/h2&gt;
&lt;p&gt;同上，BGP 大佬受我一拜。&lt;/p&gt;
&lt;h1 id=&#34;网络连接测试&#34;&gt;网络连接测试&lt;/h1&gt;
&lt;p&gt;基本就是测试本地是否能连接 IPv6 网络。但从国内连接的效果基本没有意义，如果真的在意不如使用 &lt;a href=&#34;https://testipv6.cn/&#34;&gt;testipv6.cn&lt;/a&gt;。&lt;/p&gt;
&lt;p&gt;这么多内容调整完了。问题是：有多少会产生实际影响？&lt;/p&gt;
&lt;p&gt;&lt;del&gt;当然在于玩的开心&lt;/del&gt;&lt;/p&gt;
- https://eki.moe/posts/full-score-on-internet-nl/ - 2023 Eki</description>
        </item>
    
    
    
        <item>
        <title>网站走向静态化</title>
        <link>https://eki.moe/posts/static-site-vs-traditional-site/</link>
        <pubDate>Sun, 12 Feb 2023 22:24:17 +0800</pubDate>
        
        <guid>https://eki.moe/posts/static-site-vs-traditional-site/</guid>
        <description>Eki&#39;s Home https://eki.moe/posts/static-site-vs-traditional-site/ -&lt;p&gt;什么是静态网站？静态网站的优势？请查看 CloudFlare 博文： &lt;a href=&#34;https://www.cloudflare.com/zh-cn/learning/performance/static-site-generator/&#34;&gt;https://www.cloudflare.com/zh-cn/learning/performance/static-site-generator/&lt;/a&gt;&lt;/p&gt;
&lt;p&gt;并非声明哪方才是正确选择，只是记录一下我的想法变化。&lt;/p&gt;
&lt;h1 id=&#34;最初选择wordpress&#34;&gt;最初选择：WordPress&lt;/h1&gt;
&lt;p&gt;一开始选择 WordPress 的原因很简单：&lt;/p&gt;
&lt;ul&gt;
&lt;li&gt;教程易于跟随&lt;/li&gt;
&lt;li&gt;编辑器小白友好&lt;/li&gt;
&lt;li&gt;页面好看&lt;/li&gt;
&lt;li&gt;主题/插件完善&lt;/li&gt;
&lt;/ul&gt;
&lt;p&gt;但是用了一段时间 WordPress 后，也感受到了它的一些缺点：&lt;/p&gt;
&lt;ul&gt;
&lt;li&gt;性能不如静态页面&lt;/li&gt;
&lt;li&gt;有一些奇奇怪怪的漏洞&lt;/li&gt;
&lt;li&gt;部分功能用不到&lt;/li&gt;
&lt;li&gt;编辑器体验并不好&lt;/li&gt;
&lt;/ul&gt;
&lt;h1 id=&#34;转向hugo&#34;&gt;转向Hugo&lt;/h1&gt;
&lt;p&gt;静态站点生成器有很多，选择Hugo是因为：&lt;/p&gt;
&lt;ul&gt;
&lt;li&gt;性能优秀&lt;/li&gt;
&lt;li&gt;配套插件/主题/文档完善&lt;/li&gt;
&lt;li&gt;使用 MarkDown 语法&lt;/li&gt;
&lt;/ul&gt;
&lt;p&gt;同时，我搭配 Git 和 VSCode 等等，也得到了很优秀的编辑体验。&lt;/p&gt;
&lt;p&gt;虽然以前对 Hugo 这类需要操作命令行与外置编辑器的使用模式并不感兴趣，但阅读了半个小时使用文档后也能完成上手。&lt;/p&gt;
&lt;p&gt;接下来准备将 DN42 的页面和其他网站也转为静态站点，以获得更适合我的体验。&lt;/p&gt;
- https://eki.moe/posts/static-site-vs-traditional-site/ - 2023 Eki</description>
        </item>
    
    
    
        <item>
        <title>Nginx 禁用源站 IP 对网站的访问</title>
        <link>https://eki.moe/posts/block-direct-ip-access-nginx/</link>
        <pubDate>Tue, 27 Dec 2022 23:26:06 +0800</pubDate>
        
        <guid>https://eki.moe/posts/block-direct-ip-access-nginx/</guid>
        <description>Eki&#39;s Home https://eki.moe/posts/block-direct-ip-access-nginx/ -&lt;p&gt;对于这个问题有三种解决方法：&lt;/p&gt;
&lt;ol&gt;
&lt;li&gt;对于Nginx 1.19.4与更新，使用ssl_reject_handshake；&lt;/li&gt;
&lt;li&gt;对于较老版本，使用自签SSL证书；&lt;/li&gt;
&lt;li&gt;在server块中用if语句判断。&lt;/li&gt;
&lt;/ol&gt;
&lt;p&gt;三种方法对 HTTP, HTTPS 都适用（为什么不呢）。&lt;/p&gt;
&lt;h1 id=&#34;ssl_reject_handshake-方法&#34;&gt;ssl_reject_handshake 方法&lt;/h1&gt;
&lt;h2 id=&#34;安装可用的nginx版本&#34;&gt;安装可用的Nginx版本&lt;/h2&gt;
&lt;p&gt;首先需要确定安装的是Nginx 1.19.4及以上版本，可使用nginx -v命令查看。&lt;/p&gt;
&lt;p&gt;处理此问题时Debian Stable仍在发行1.18.0版本，因此使用Nginx官网源安装新版。参考 &lt;a href=&#34;https://www.nginx.com/resources/wiki/start/topics/tutorials/install/&#34;&gt;Nginx官网安装步骤&lt;/a&gt;。&lt;br&gt;
写入以下内容至 /etc/apt/sources.list.d/nginx.list&lt;/p&gt;
&lt;pre&gt;&lt;code&gt;deb https://nginx.org/packages/debian/ bullseye nginx
deb-src https://nginx.org/packages/debian/ bullseye nginx
&lt;/code&gt;&lt;/pre&gt;
&lt;p&gt;可能会遇到以下错误：&lt;/p&gt;
&lt;pre&gt;&lt;code&gt;W: GPG error: https://nginx.org/packages/debian bullseye InRelease: The following signatures couldn&#39;t be verified because the public key is not available: NO_PUBKEY ABF5BD827BD9BF62
E: The repository &#39;https://nginx.org/packages/debian bullseye InRelease&#39; is not signed.
N: Updating from such a repository can&#39;t be done securely, and is therefore disabled by default.
N: See apt-secure(8) manpage for repository creation and user configuration details.
&lt;/code&gt;&lt;/pre&gt;
&lt;p&gt;我能确定这是Nginx官方源，因此直接信任:&lt;/p&gt;
&lt;pre&gt;&lt;code&gt;apt-key adv --keyserver keyserver.ubuntu.com --recv-keys $key
&lt;/code&gt;&lt;/pre&gt;
&lt;p&gt;把 $key 换成上面的代码，如 &lt;code&gt;ABF5BD827BD9BF62&lt;/code&gt; ，再更新一次。&lt;br&gt;
更新源后重新安装Nginx即安装最新版，重启Nginx服务即可。&lt;/p&gt;
&lt;h2 id=&#34;启用default配置&#34;&gt;启用default配置&lt;/h2&gt;
&lt;p&gt;在Nginx的配置文件夹中写一个default文件，我选择位于 &lt;code&gt;/etc/nginx/sites-available&lt;/code&gt; ，根据习惯即可。&lt;/p&gt;
&lt;pre&gt;&lt;code&gt;server {
    listen 80 default_server;
    listen [::]:80 default_server;

    server_name _;
    return 444;
}
&lt;/code&gt;&lt;/pre&gt;
&lt;p&gt;解释：server_name _ 针对一切没有在本机匹配的域名，444响应让Nginx直接不响应内容。&lt;/p&gt;
&lt;p&gt;记得启用此配置，软链接到 &lt;code&gt;/etc/nginx/sites-enabled&lt;/code&gt; 并刷新Nginx。&lt;/p&gt;
&lt;h2 id=&#34;针对https&#34;&gt;针对HTTPS&lt;/h2&gt;
&lt;p&gt;以上内容只针对HTTP请求有效（也只监听了80端口）。为了对HTTPS请求也生效，增加文件至以下内容：&lt;/p&gt;
&lt;pre&gt;&lt;code&gt;server {
    listen 80 default_server;
    listen [::]:80 default_server;

    listen 443 default_server;
    listen [::]:443 default_server;
    ssl_reject_handshake on;

    server_name _;
    return 444;
}
&lt;/code&gt;&lt;/pre&gt;
&lt;p&gt;这样处理后，HTTPS请求到源站后不会露出证书。 &lt;strong&gt;这是我选择的方法。&lt;/strong&gt; 效果如图，不同浏览器报错不同。&lt;/p&gt;
&lt;p&gt;&lt;img src=&#34;https://eki.moe/images/posts/block-direct-ip-access-nginx/ssl_error.png&#34; alt=&#34;&#34;&gt;&lt;/p&gt;
&lt;h1 id=&#34;自签ssl证书方法&#34;&gt;自签SSL证书方法&lt;/h1&gt;
&lt;p&gt;如果你在较老版本的Nginx上使用了上面的方法，你很有可能会遇到以下报错：&lt;/p&gt;
&lt;pre&gt;&lt;code&gt; nginx: [emerg] no &amp;quot;ssl_certificate&amp;quot; is defined for the &amp;quot;listen ... ssl&amp;quot; directive
&lt;/code&gt;&lt;/pre&gt;
&lt;p&gt;如果你又不想更新Nginx，则可以使用自签SSL证书方法。&lt;/p&gt;
&lt;h2 id=&#34;获得空白ssl证书&#34;&gt;获得空白SSL证书&lt;/h2&gt;
&lt;p&gt;可以使用以下命令获得 &lt;code&gt;ssl_certificate&lt;/code&gt; 和 &lt;code&gt;ssl_certificate_key&lt;/code&gt;&lt;/p&gt;
&lt;pre&gt;&lt;code&gt; openssl req -x509 -nodes -days 3650 -newkey rsa:2048 -keyout default.key -out default.crt -subj &#39;/CN=&#39;
&lt;/code&gt;&lt;/pre&gt;
&lt;p&gt;这样会直接把 default.key 和 default.crt 输出在当前目录下。&lt;/p&gt;
&lt;h2 id=&#34;更新nginx配置&#34;&gt;更新Nginx配置&lt;/h2&gt;
&lt;p&gt;随后可以把 Nginx 的 default 配置改为如下：&lt;/p&gt;
&lt;pre&gt;&lt;code&gt;server {
    listen 80 default_server;
    listen [::]:80 default_server;
    
    listen 443 default_server;
    listen [::]:443 default_server;

    ssl_certificate /etc/nginx/ssl/default.crt;
    ssl_certificate_key /etc/nginx/ssl/default.key;

    server_name _;
    return 444;
}
&lt;/code&gt;&lt;/pre&gt;
&lt;p&gt;重载配置后再次通过IP访问应该不会得到结果。&lt;/p&gt;
&lt;h1 id=&#34;if语句判断方法&#34;&gt;IF语句判断方法&lt;/h1&gt;
&lt;p&gt;对于某个域名的配置，写入以下内容：&lt;/p&gt;
&lt;pre&gt;&lt;code&gt;server {
    listen 443 default_server;
    listen [::]:443 default_server;

    if ($host != eki.moe) {
            return 444;
    }

    server_name eki.moe;

...剩余内容
&lt;/code&gt;&lt;/pre&gt;
&lt;p&gt;判断语句可以搭配正则表达式。但这种方法缺点太多了：&lt;/p&gt;
&lt;ol&gt;
&lt;li&gt;工作量大；&lt;/li&gt;
&lt;li&gt;容易出错；&lt;/li&gt;
&lt;li&gt;难以扩展；&lt;/li&gt;
&lt;li&gt;上面两种方法好太多了。&lt;/li&gt;
&lt;/ol&gt;
&lt;h1 id=&#34;本文参考&#34;&gt;本文参考&lt;/h1&gt;
&lt;ol&gt;
&lt;li&gt;&lt;a href=&#34;https://stackoverflow.com/questions/29104943/how-to-disable-direct-access-to-a-web-site-by-ip-address&#34;&gt;https://stackoverflow.com/questions/29104943/how-to-disable-direct-access-to-a-web-site-by-ip-address&lt;/a&gt;&lt;/li&gt;
&lt;li&gt;&lt;a href=&#34;https://erikpoehler.com/2022/08/02/how-to-block-direct-ip-access-to-your-nginx-web-server/&#34;&gt;https://erikpoehler.com/2022/08/02/how-to-block-direct-ip-access-to-your-nginx-web-server/&lt;/a&gt;&lt;/li&gt;
&lt;li&gt;&lt;a href=&#34;https://www.codedodle.com/disable-direct-ip-access-nginx.html&#34;&gt;https://www.codedodle.com/disable-direct-ip-access-nginx.html&lt;/a&gt;&lt;/li&gt;
&lt;li&gt;&lt;a href=&#34;https://www.nginx.com/resources/wiki/start/topics/tutorials/install/&#34;&gt;https://www.nginx.com/resources/wiki/start/topics/tutorials/install/&lt;/a&gt;&lt;/li&gt;
&lt;/ol&gt;
- https://eki.moe/posts/block-direct-ip-access-nginx/ - 2023 Eki</description>
        </item>
    
    
    
        <item>
        <title>部署 Lsky-Pro 自建图床搭配 nsfwjs 自动审核</title>
        <link>https://eki.moe/posts/self-host-lsky-pro/</link>
        <pubDate>Wed, 14 Dec 2022 19:54:08 +0800</pubDate>
        
        <guid>https://eki.moe/posts/self-host-lsky-pro/</guid>
        <description>Eki&#39;s Home https://eki.moe/posts/self-host-lsky-pro/ -&lt;p&gt;为什么要自建图床？&lt;del&gt;因为我机器在吃灰（逃&lt;/del&gt; 因为要给朋友一起用。&lt;/p&gt;
&lt;p&gt;选用的图床平台为 &lt;a href=&#34;https://www.lsky.pro/&#34;&gt;Lsky-Pro&lt;/a&gt;（GitHub仓库：&lt;a href=&#34;https://github.com/lsky-org/lsky-pro&#34;&gt;lsky-org/lsky-pro&lt;/a&gt;），对我而言功能足够多，且符合我对美观和实用的要求。&lt;br&gt;
特性（From &lt;a href=&#34;https://docs.lsky.pro/docs/free/v2/#%E7%89%B9%E6%80%A7&#34;&gt;官方文档&lt;/a&gt;）：&lt;/p&gt;
&lt;ul&gt;
&lt;li&gt;支持本地等多种第三方云储存 AWS S3、阿里云 OSS、腾讯云 COS、七牛云、又拍云、SFTP、FTP、WebDav、Minio&lt;/li&gt;
&lt;li&gt;多种数据库驱动支持，MySQL 5.7+、PostgreSQL 9.6+、SQLite 3.8.8+、SQL Server 2017+&lt;/li&gt;
&lt;li&gt;支持配置使用多种缓存驱动，Memcached、Redis、DynamoDB、等其他关系型数据库，默认以文件的方式缓存&lt;/li&gt;
&lt;li&gt;多图上传、拖拽上传、粘贴上传、动态设置策略上传、复制、一键复制链接&lt;/li&gt;
&lt;li&gt;强大的图片管理功能，瀑布流展示，支持鼠标右键、单选多选、重命名等操作&lt;/li&gt;
&lt;li&gt;自由度极高的角色组配置，可以为每个组配置多个储存策略，同时储存策略可以配置多个角色组&lt;/li&gt;
&lt;li&gt;可针对角色组设置上传文件、文件夹路径命名规则、上传频率限制、图片审核等功能&lt;/li&gt;
&lt;li&gt;支持图片水印、文字水印、水印平铺、设置水印位置、X/y 轴偏移量设置、旋转角度等&lt;/li&gt;
&lt;li&gt;支持通过接口上传、管理图片、管理相册&lt;/li&gt;
&lt;li&gt;支持在线增量更新、跨版本更新&lt;/li&gt;
&lt;li&gt;图片广场&lt;/li&gt;
&lt;/ul&gt;
&lt;p&gt;可以在&lt;a href=&#34;https://docs.lsky.pro/&#34;&gt;官方文档&lt;/a&gt;中了解到更多信息。&lt;/p&gt;
&lt;h1 id=&#34;安装前准备&#34;&gt;安装前准备&lt;/h1&gt;
&lt;p&gt;Lsky-Pro需要的组件为（From &lt;a href=&#34;https://docs.lsky.pro/docs/free/v2/#%E5%AE%89%E8%A3%85%E8%A6%81%E6%B1%82&#34;&gt;官方文档&lt;/a&gt;）：&lt;/p&gt;
&lt;ul&gt;
&lt;li&gt;PHP &amp;gt;= 8.0.2&lt;/li&gt;
&lt;li&gt;BCMath PHP 扩展&lt;/li&gt;
&lt;li&gt;Ctype PHP 扩展&lt;/li&gt;
&lt;li&gt;DOM PHP 拓展&lt;/li&gt;
&lt;li&gt;Fileinfo PHP 扩展&lt;/li&gt;
&lt;li&gt;JSON PHP 扩展&lt;/li&gt;
&lt;li&gt;Mbstring PHP 扩展&lt;/li&gt;
&lt;li&gt;OpenSSL PHP 扩展&lt;/li&gt;
&lt;li&gt;PDO PHP 扩展&lt;/li&gt;
&lt;li&gt;Tokenizer PHP 扩展&lt;/li&gt;
&lt;li&gt;XML PHP 扩展&lt;/li&gt;
&lt;li&gt;Imagick 拓展&lt;/li&gt;
&lt;li&gt;exec、shell_exec 函数&lt;/li&gt;
&lt;li&gt;readlink、symlink 函数&lt;/li&gt;
&lt;li&gt;putenv、getenv 函数&lt;/li&gt;
&lt;/ul&gt;
&lt;p&gt;支持的数据库（From &lt;a href=&#34;https://docs.lsky.pro/docs/free/v2/#%E6%94%AF%E6%8C%81%E7%9A%84%E6%95%B0%E6%8D%AE%E5%BA%93&#34;&gt;官方文档&lt;/a&gt;）：&lt;/p&gt;
&lt;ul&gt;
&lt;li&gt;Mysql 5.7+&lt;/li&gt;
&lt;li&gt;PostgreSQL 9.6+&lt;/li&gt;
&lt;li&gt;SQLite 3.8.8+&lt;/li&gt;
&lt;li&gt;SQL Server 2017+&lt;/li&gt;
&lt;/ul&gt;
&lt;h2 id=&#34;配置php&#34;&gt;配置PHP&lt;/h2&gt;
&lt;p&gt;需要注意的是：在使用PHP8.2测试时会报HTTP 500错误，使用8.1版本正常，故使用8.1版继续。&lt;/p&gt;
&lt;p&gt;获取PHP源（如果当前系统不存在）：&lt;br&gt;
&lt;a href=&#34;https://github.com/oerdnj/deb.sury.org/wiki/Frequently-Asked-Questions#debian&#34;&gt;Frequently Asked Questions · oerdnj/deb.sury.org Wiki (github.com)&lt;/a&gt;&lt;/p&gt;
&lt;pre&gt;&lt;code&gt;curl -sSL https://packages.sury.org/php/README.txt | bash -x
sudo apt update
&lt;/code&gt;&lt;/pre&gt;
&lt;p&gt;安装Lsky-Pro需求组件：&lt;/p&gt;
&lt;pre&gt;&lt;code&gt;apt install php8.1 php8.1-cli php8.1-common php8.1-fpm php8.1-xml php8.1-curl php8.1-mysql php8.1-sqlite3 php8.1-mbstring php8.1-gd php8.1-fileinfo php8.1-exif php8.1-bcmath php8.1-imagick
&lt;/code&gt;&lt;/pre&gt;
&lt;p&gt;可以创建index.php并包含&lt;/p&gt;
&lt;pre&gt;&lt;code&gt;&amp;lt;?php
phpinfo();
&lt;/code&gt;&lt;/pre&gt;
&lt;p&gt;来获得当前PHP可用的信息，并与Lsky-Pro的需求进行对照。&lt;/p&gt;
&lt;p&gt;随后对PHP-FPM设置进行一些调整；我的配置文件位于 /etc/php/8.1/fpm/php.ini，以您的安装为准：&lt;/p&gt;
&lt;ul&gt;
&lt;li&gt;upload_max_filesize = 5M 单个文件上传的最大大小。&lt;/li&gt;
&lt;li&gt;post_max_size = 10M 一次POST队列（即一次上传）的最大大小。&lt;/li&gt;
&lt;li&gt;max_execution_time = 300 最大执行时间。当上传超过此时间时，上传会被终止。以秒为单位。&lt;/li&gt;
&lt;li&gt;memory_limit = 128M 使用的最大内存，取决于你的用途和机器配置。&lt;/li&gt;
&lt;li&gt;注释掉open_basedir（即对本行添加分号）。&lt;/li&gt;
&lt;/ul&gt;
&lt;p&gt;保存后重启php8.1-fpm服务刷新配置文件。&lt;/p&gt;
&lt;h2 id=&#34;配置mysql&#34;&gt;配置mysql&lt;/h2&gt;
&lt;p&gt;虽然sqlite可能更lite &lt;del&gt;（废话）&lt;/del&gt; ，但我现有服务均使用了mysql/mariadb，故直接使用mysql作为数据库。&lt;/p&gt;
&lt;pre&gt;&lt;code&gt;MariaDB [(none)]&amp;gt; create database lsky_pro;
Query OK, 1 row affected (0.001 sec)

MariaDB [(none)]&amp;gt; grant all on lsky_pro.* to lsky_pro_user@localhost identified by &#39;yourpasswordhere&#39;;
Query OK, 0 rows affected (0.004 sec)


MariaDB [(none)]&amp;gt; flush privileges;
Query OK, 0 rows affected (0.002 sec)

MariaDB [(none)]&amp;gt; exit;
Bye
&lt;/code&gt;&lt;/pre&gt;
&lt;h1 id=&#34;安装lsky-pro本体&#34;&gt;安装Lsky-Pro本体&lt;/h1&gt;
&lt;p&gt;首先从GitHub下载最新的release版本，本文写作时为2.1，并解压至一个喜欢的位置。我放在了&lt;code&gt;/var/www/img.example.com/&lt;/code&gt;。&lt;br&gt;
解压并修改文件权限：&lt;/p&gt;
&lt;pre&gt;&lt;code&gt;wget https://github.com/lsky-org/lsky-pro/releases/download/2.1/lsky-pro-2.1.zip
unzip lsky-pro-2.1.zip
chmod -R 755 /var/www/example.com
chown -R www-data /var/www/example.com
&lt;/code&gt;&lt;/pre&gt;
&lt;p&gt;设置nginx反代：&lt;/p&gt;
&lt;pre&gt;&lt;code&gt;server {
    listen 80;
    listen [::]:80;
    server_name example.com;
    return 301 https://$server_name$request_uri;
}

server {
    listen 443 ssl http2;
    listen [::]:443 ssl http2;
    server_name example.com;
    ssl_certificate /dir/to/your/fullchain.pem;
    ssl_certificate_key /dir/to/your/privkey.pem;
    client_max_body_size 100M; #最大数据大小
    root /var/www/example.com/public/; #注意指定至public文件夹

    index index.php;
    location / {
            try_files $uri $uri/ /index.php?$query_string;
            proxy_set_header Host $host;
            proxy_set_header X-Real-IP $remote_addr;
            proxy_set_header X-Forwarded-For $proxy_add_x_forwarded_for;
            proxy_set_header X-Forwarded-Proto $scheme;
            proxy_set_header REMOTE-HOST $remote_addr;
    }
    location ~ \.php$ {
            include snippets/fastcgi-php.conf;
            fastcgi_pass unix:/run/php/php8.1-fpm.sock;
    }
    location ~ /\.ht {
            deny all;
    }
}
&lt;/code&gt;&lt;/pre&gt;
&lt;p&gt;随后浏览器访问域名即可安装。&lt;/p&gt;
&lt;h1 id=&#34;通过nsfwjs实现图片自动审核&#34;&gt;通过nsfwjs实现图片自动审核&lt;/h1&gt;
&lt;p&gt;原仓库：&lt;a href=&#34;https://github.com/infinitered/nsfwjs&#34;&gt;infinitered/nsfwjs&lt;/a&gt;&lt;br&gt;
此处利用Docker：&lt;a href=&#34;https://dusays.com/495/&#34;&gt;penndu/nsfw-api&lt;/a&gt;&lt;/p&gt;
&lt;p&gt;可以通过作者原文直接docker run运行，但我喜欢docker-compose。docker-compose.yml如下：&lt;/p&gt;
&lt;pre&gt;&lt;code&gt;version: &#39;3&#39;
services:
  nsfw-api:
    image: penndu/nsfw-api:latest
    restart: unless-stopped
    hostname: nsfw-api
    container_name: nsfw-api
    ports:
      - &amp;quot;3000:3000&amp;quot;
&lt;/code&gt;&lt;/pre&gt;
&lt;p&gt;切换左侧数字为宿主机上空闲的端口号即可使用，此时请求地址为 &lt;code&gt;http://ip:3000/classify&lt;/code&gt;。&lt;/p&gt;
&lt;p&gt;也可继续搭配nginx反代端口：&lt;/p&gt;
&lt;pre&gt;&lt;code&gt;server {
    listen 80;
    listen [::]:80;
    server_name api.example.com;
    return 301 https://$server_name$request_uri;
}

server {
    listen 443 ssl http2;
    listen [::]:443 ssl http2;
    server_name api.example.com;
    ssl_certificate /etc/ssl/certs/api.example.com/fullchain.pem;
    ssl_certificate_key /etc/ssl/certs/api.example.com/privkey.pem;
    client_max_body_size 100M;
    location / {
            proxy_pass http://127.0.0.1:3000/classify;
            proxy_redirect     off;
            proxy_set_header   Host             $host;
            proxy_set_header   X-Real-IP        $remote_addr;
            proxy_set_header   X-Forwarded-For  $proxy_add_x_forwarded_for;
    }
}
&lt;/code&gt;&lt;/pre&gt;
&lt;p&gt;此时直接使用根地址即可使用。&lt;/p&gt;
- https://eki.moe/posts/self-host-lsky-pro/ - 2023 Eki</description>
        </item>
    
    
    
    
    
    
  </channel>
</rss> 