<?xml version="1.0" encoding="utf-8" standalone="yes"?>
<rss version="2.0" xmlns:atom="http://www.w3.org/2005/Atom">
  <channel>
    <title>Posts on Eki&#39;s Home</title>
    <link>https://eki.moe/posts/</link>
    <description>Recent content in Posts on Eki&#39;s Home</description>
    <generator>Hugo -- gohugo.io</generator>
    <language>zh-cn</language>
    <copyright>2023 Eki</copyright>
    <lastBuildDate>Mon, 13 Feb 2023 17:05:14 +0800</lastBuildDate><atom:link href="https://eki.moe/posts/index.xml" rel="self" type="application/rss+xml" />
    <item>
      <title>在 internet.nl 上拿到满分</title>
      <link>https://eki.moe/posts/full-score-on-internet-nl/</link>
      <pubDate>Mon, 13 Feb 2023 17:05:14 +0800</pubDate>
      
      <guid>https://eki.moe/posts/full-score-on-internet-nl/</guid>
      <description>Internet.nl 是一个由网络社区和荷兰政府共同创立的项目。这个项目提供对网站，电子邮件和网络连接的测试，以便查看他们是否遵循了现代而可靠的技术/协议。 Source
测试分为三个部分：网站，邮件和网络连接。网站，邮局测试中达到满分的域名会被加入他们的“名人堂”列表，双满分则更为稀少。网络连接测试不会进行研究，原因会在后文解释。
网站测试 此部分使用 nginx 为例，版本号 1.22.1。
对于一些项目，可能需要更改的配置文件有
/etc/nginx/nginx.conf /etc/nginx/sites-available/example.com (or /default) 如果你在使用 Certbot，则还可能需要更改
/etc/letsencrypt/options-ssl-nginx.conf Modern address (IPv6) 分为三部分：
Nameserver 是否有 IPv6 地址，且是否可达（正确）。 网站是否有 IPv6 地址，且是否可达（正确）。 IPv6 连接下的网站是否和 IPv4 连接下的网站相同。 一般来说是能很容易满足的条件。
Signed domain name (DNSSEC) DNSSEC 提供了对 DNS 数据来源的验证，在自己的域名注册商处设置即可。
Secure connection (HTTPS) 简单设置了 HTTPS 并不能在这里得到满分。
一个很有用的网站，由 mozilla 提供，可生成众多配置文件：ssl-config.mozilla.org
HTTPS available &amp;amp; HTTPS redirect 网站启用 HTTPS 连接与 HTTP 重定向即可。Nginx 模板如下
server {listen 80;listen [::]:80;server_name example.com www.example.com;return 301 https://$server_name$request_uri;}server {listen 443 ssl http2; listen [::]:443 ssl http2;server_name example.</description>
    </item>
    
    <item>
      <title>网站走向静态化</title>
      <link>https://eki.moe/posts/static-site-vs-traditional-site/</link>
      <pubDate>Sun, 12 Feb 2023 22:24:17 +0800</pubDate>
      
      <guid>https://eki.moe/posts/static-site-vs-traditional-site/</guid>
      <description>什么是静态网站？静态网站的优势？请查看 CloudFlare 博文： https://www.cloudflare.com/zh-cn/learning/performance/static-site-generator/
并非声明哪方才是正确选择，只是记录一下我的想法变化。
最初选择：WordPress 一开始选择 WordPress 的原因很简单：
教程易于跟随 编辑器小白友好 页面好看 主题/插件完善 但是用了一段时间 WordPress 后，也感受到了它的一些缺点：
性能不如静态页面 有一些奇奇怪怪的漏洞 部分功能用不到 编辑器体验并不好 转向Hugo 静态站点生成器有很多，选择Hugo是因为：
性能优秀 配套插件/主题/文档完善 使用 MarkDown 语法 同时，我搭配 Git 和 VSCode 等等，也得到了很优秀的编辑体验。
虽然以前对 Hugo 这类需要操作命令行与外置编辑器的使用模式并不感兴趣，但阅读了半个小时使用文档后也能完成上手。
接下来准备将 DN42 的页面和其他网站也转为静态站点，以获得更适合我的体验。</description>
    </item>
    
    <item>
      <title>Nginx 禁用源站 IP 对网站的访问</title>
      <link>https://eki.moe/posts/block-direct-ip-access-nginx/</link>
      <pubDate>Tue, 27 Dec 2022 23:26:06 +0800</pubDate>
      
      <guid>https://eki.moe/posts/block-direct-ip-access-nginx/</guid>
      <description>对于这个问题有三种解决方法：
对于Nginx 1.19.4与更新，使用ssl_reject_handshake； 对于较老版本，使用自签SSL证书； 在server块中用if语句判断。 三种方法对 HTTP, HTTPS 都适用（为什么不呢）。
ssl_reject_handshake 方法 安装可用的Nginx版本 首先需要确定安装的是Nginx 1.19.4及以上版本，可使用nginx -v命令查看。
处理此问题时Debian Stable仍在发行1.18.0版本，因此使用Nginx官网源安装新版。参考 Nginx官网安装步骤。
获得 nginx 签名密钥并添加信任
wget https://nginx.org/keys/nginx_signing.key apt-key add nginx_signing.key 添加 nginx 源
&amp;gt;/etc/apt/sources.list.d/nginx.conf deb https://nginx.org/packages/mainline/debian/ bullseye nginx deb-src https://nginx.org/packages/mainline/debian bullseye nginx 如果需要卸载原有的 nginx 安装
apt purge nginx nginx-common 随后安装并重启 nginx 服务即可。
启用default配置 在 nginx 的配置文件夹中写一个default文件，我选择位于 /etc/nginx/conf.d/default.conf ，根据习惯即可。
server { listen 80 default_server; listen [::]:80 default_server; server_name _; return 444; } 解释：server_name _ 针对一切没有在本机匹配的域名，444响应让Nginx直接不响应内容。</description>
    </item>
    
    <item>
      <title>部署 Lsky-Pro 自建图床搭配 nsfwjs 自动审核</title>
      <link>https://eki.moe/posts/self-host-lsky-pro/</link>
      <pubDate>Wed, 14 Dec 2022 19:54:08 +0800</pubDate>
      
      <guid>https://eki.moe/posts/self-host-lsky-pro/</guid>
      <description>为什么要自建图床？因为我机器在吃灰（逃 因为要给朋友一起用。
选用的图床平台为 Lsky-Pro（GitHub仓库：lsky-org/lsky-pro），对我而言功能足够多，且符合我对美观和实用的要求。
特性（From 官方文档）：
支持本地等多种第三方云储存 AWS S3、阿里云 OSS、腾讯云 COS、七牛云、又拍云、SFTP、FTP、WebDav、Minio 多种数据库驱动支持，MySQL 5.7+、PostgreSQL 9.6+、SQLite 3.8.8+、SQL Server 2017+ 支持配置使用多种缓存驱动，Memcached、Redis、DynamoDB、等其他关系型数据库，默认以文件的方式缓存 多图上传、拖拽上传、粘贴上传、动态设置策略上传、复制、一键复制链接 强大的图片管理功能，瀑布流展示，支持鼠标右键、单选多选、重命名等操作 自由度极高的角色组配置，可以为每个组配置多个储存策略，同时储存策略可以配置多个角色组 可针对角色组设置上传文件、文件夹路径命名规则、上传频率限制、图片审核等功能 支持图片水印、文字水印、水印平铺、设置水印位置、X/y 轴偏移量设置、旋转角度等 支持通过接口上传、管理图片、管理相册 支持在线增量更新、跨版本更新 图片广场 可以在官方文档中了解到更多信息。
安装前准备 Lsky-Pro需要的组件为（From 官方文档）：
PHP &amp;gt;= 8.0.2 BCMath PHP 扩展 Ctype PHP 扩展 DOM PHP 拓展 Fileinfo PHP 扩展 JSON PHP 扩展 Mbstring PHP 扩展 OpenSSL PHP 扩展 PDO PHP 扩展 Tokenizer PHP 扩展 XML PHP 扩展 Imagick 拓展 exec、shell_exec 函数 readlink、symlink 函数 putenv、getenv 函数 支持的数据库（From 官方文档）：</description>
    </item>
    
  </channel>
</rss>
