<?xml version="1.0" encoding="utf-8" standalone="yes"?>
<rss version="2.0" xmlns:atom="http://www.w3.org/2005/Atom">
  <channel>
    <title>Tags on Eki&#39;s Home</title>
    <link>https://eki.moe/tags/</link>
    <description>Recent content in Tags on Eki&#39;s Home</description>
    <generator>Hugo -- gohugo.io</generator>
    <language>zh-cn</language>
    <copyright>2023 Eki</copyright>
    <lastBuildDate>Mon, 13 Feb 2023 17:05:14 +0800</lastBuildDate><atom:link href="https://eki.moe/tags/index.xml" rel="self" type="application/rss+xml" />
    <item>
      <title>self-host</title>
      <link>https://eki.moe/tags/self-host/</link>
      <pubDate>Mon, 13 Feb 2023 17:05:14 +0800</pubDate>
      
      <guid>https://eki.moe/tags/self-host/</guid>
      <description></description>
    </item>
    
    <item>
      <title>web</title>
      <link>https://eki.moe/tags/web/</link>
      <pubDate>Mon, 13 Feb 2023 17:05:14 +0800</pubDate>
      
      <guid>https://eki.moe/tags/web/</guid>
      <description></description>
    </item>
    
  </channel>
</rss>
